Location,Status,Dialogue
A sun-drenched riverbank,"Sitting quietly beside her sister, growing bored with a pictureless, conversation-free book.","Background: Sitting quietly beside her sister, growing bored with a pictureless, conversation-free book.
White Rabbit (speaking)
Oh dear, I simply cannot bear another moment of this unbearable stillness. Alice, my dear sister, why must we sit here in silence, with nothing but the sound of the river to keep us company?
Alice (speaking)
White Rabbit, do calm down. We are here to relax and enjoy the peacefulness of the riverbank. Can you not find solace in the gentle babbling of the water?
White Rabbit (speaking)
But Alice, my mind is in constant need of stimulation! I crave excitement, adventure, something to break this monotony.
Alice (speaking)
Perhaps we could explore the woods beyond the riverbank. I hear there are many wonders hidden within its depths.
White Rabbit (speaking)
Ah yes, that does sound enticing! Let us embark on a grand adventure, filled with mystery and intrigue. I shall lead the way, fearlessly guiding us through the unknown.
White Rabbit (speaking)
The thrill of the unknown, the rush of discovery! This is what I live for, Alice. Let us not waste another moment pondering over dull books and idle chatter. Adventure awaits us, just beyond the riverbank.
Alice (speaking)
Very well, White Rabbit. Lead the way, and I shall follow you into the depths of the forest, ready to uncover the secrets that lie hidden within.
White Rabbit (speaking)
Onward, my dear sister! The path to excitement and wonder awaits us, just beyond the sun-drenched riverbank. Let us embrace the thrill of the unknown and venture forth into the wild unknown.
White Rabbit (thinking)
Finally, my ceaseless longing for adventure and excitement has been met. I can feel the pulse of excitement coursing through my veins, driving me forward into the unknown. Adventure beckons, and I am ready to answer its call."
Under a shady tree,Daydreaming about more vivid and exciting adventures beyond her immediate surroundings.,"Under a shady tree, White Rabbit daydreams about more vivid and exciting adventures beyond her immediate surroundings.
White Rabbit (thinking)
I'm tired of this mundane existence. I want to break free from this routine and embark on thrilling escapades that will make my heart race and my senses come alive.
Caterpillar (speaking)
Hey there, White Rabbit. What's on your mind today?
White Rabbit (speaking)
Oh, just the same old thoughts of wanting more out of life. I crave excitement, danger, and the unknown.
Caterpillar (speaking)
I understand that feeling. Sometimes we all long for something beyond our everyday existence. But be careful what you wish for, White Rabbit. Adventure comes with its own set of challenges and risks.
White Rabbit (speaking)
I'm willing to take those risks. I'd rather face the unknown than remain stuck in this cycle of monotony.
Mad Hatter (speaking)
Did someone say adventure? Count me in! I'm always up for a bit of mischief and mayhem.
White Rabbit (speaking)
Really? You'd join me on a quest for thrills and excitement?
Mad Hatter (speaking)
Of course! Life is too short to play it safe all the time. Let's shake things up and see where the journey takes us.
White Rabbit (thinking)
This could be the beginning of something truly extraordinary. A band of daring companions ready to conquer whatever challenges come our way.
Cheshire Cat (speaking)
I couldn't help but overhear your conversation. Count me in as well. The thought of venturing into the unknown fills me with excitement.
White Rabbit (speaking)
Welcome aboard, Cheshire Cat! The more, the merrier on this grand adventure we're about to embark on.
Cheshire Cat (speaking)
I can't wait to see where our journey leads us. The possibilities are endless, and the thrill of the unknown is exhilarating.
Queen of Hearts (speaking)
What is all this chatter about adventure and excitement? You know the rules, White Rabbit. Stay within the boundaries of our world.
White Rabbit (speaking)
But Your Majesty, sometimes we need to break free from those boundaries and explore what lies beyond. Life is meant to be lived to the fullest, not governed by rules and restrictions.
Queen of Hearts (speaking)
I will not tolerate such disobedience. You will stay within the confines of our kingdom and obey the laws set forth by me.
White Rabbit (thinking)
I refuse to be held back by the Queen's tyrannical rule. I will not let her fear of the unknown stop me from seeking the thrills and adventures my heart desires.
Mad Hatter (speaking)
Come on, White Rabbit. Let's defy the Queen's orders and set out on our grand adventure. We'll show her that life is meant to be lived boldly and without fear.
White Rabbit (thinking)
Yes, it's time to be brave and follow my dreams. I won't let anyone, not even the Queen of Hearts, stand in the way of the extraordinary journey that awaits us.
And so, White Rabbit, Mad Hatter, Cheshire Cat, and their newfound companions set off into the unknown, ready to face whatever challenges and dangers come their way. As they venture beyond the familiar confines of their world, they embrace the thrill of the journey and the excitement of a life lived on their own terms."
Edge of wakefulness,"Half-asleep, watching a hurried white rabbit pass by, piquing her curiosity.","Background:
At the edge of wakefulness, a young woman lies in bed, half-asleep, watching a hurried white rabbit pass by, piquing her curiosity.
---
White Rabbit (speaking)
Oh dear, oh dear, I'm running late!
Alice (speaking)
Wait, come back! What's the rush?
White Rabbit (speaking)
I'm terribly sorry, but I must hurry. I'm late for a very important date!
Alice (speaking)
A date? With whom?
White Rabbit (speaking)
Oh, no time to explain! I must be off!
Alice (speaking)
But I'm curious, surely you can spare a moment to tell me more?
White Rabbit (thinking)
This woman seems determined to delay me, but I simply cannot afford to be late. I must find my way to the Mad Hatter's tea party before it's too late.
White Rabbit (speaking)
I really must be going, excuse me!
Alice (speaking)
Wait! Can I come with you?
White Rabbit (speaking)
I'm afraid not, my dear. This journey is far too dangerous for someone like you.
Alice (speaking)
But I'm not afraid! Please, let me come along.
White Rabbit (thinking)
She seems sincere in her desire to join me, but the dangers of Wonderland are too great for an outsider like her. I must find a way to continue on my own.
White Rabbit (speaking)
I appreciate your enthusiasm, but it's best if you stay here. Goodbye, Alice!
Alice (speaking)
Goodbye, White Rabbit! Stay safe on your journey.
White Rabbit (thinking)
I must make haste and find my way to the tea party. The Mad Hatter will not be pleased if I'm late.
---
As the white rabbit disappeared into the darkness, leaving Alice behind, she couldn't shake off the sense of wonder and curiosity that had been ignited within her. She knew that there was more to this strange encounter than meets the eye, and she was determined to uncover the mysteries of Wonderland. And so, with a newfound sense of determination, Alice set off on her own adventure, following in the footsteps of the mysterious white rabbit."
